<?xml version="1.0" encoding="UTF-8"?>
<!DOCTYPE tiles-definitions PUBLIC 
"-//Apache Software Foundation//DTD Tiles Configuration 3.0//EN" 
"http://tiles.apache.org/dtds/tiles-config_3_0.dtd">
<tiles-definitions>
	<definition name="public" template="/WEB-INF/views/common/layout.jsp">
		<put-attribute name="title" value=""/>
		<put-attribute name="header" value=""/>
		<put-attribute name="content" value=""/>
		<put-attribute name="footer" value="/WEB-INF/views/common/footer.jsp"/>
	</definition>
	<definition name="public:*/*.tiles" extends="public">
		<put-attribute name="header" value="/WEB-INF/views/common/header.jsp"/>
		<put-attribute name="content" value="/WEB-INF/views/{1}/{2}.jsp"/>
	</definition>
</tiles-definitions>