<?xml version="1.0" encoding="UTF-8"?>
<!DOCTYPE mapper
  PUBLIC "-//mybatis.org//DTD Mapper 3.0//EN"
  "http://mybatis.org/dtd/mybatis-3-mapper.dtd">
<mapper namespace="com.bitcamp.web.mapperImpl.MemberMapperImpl">
	<insert id="insertMember" parameterType="cmd"></insert>
	<select id="selectMemberById" resultType="member" parameterType="cmd">
	SELECT * FROM MEMBER WHERE ID LIKE #{member.id}
	</select>
	<select id="exist" resultType="int" parameterType="cmd">
	SELECT COUNT(*) FROM MEMBER WHERE ID LIKE #{member.id} AND PASS LIKE #{member.pass}
	</select>
	<delete id="deleteMember" parameterType="cmd"></delete>
</mapper>